{
  "name": "users",
  "customName": false,
  "customRole": false,
  "handler": "users/handler.handler",
  "timeout": 6,
  "memorySize": 1024,
  "custom": {
    "excludePatterns": [],
    "envVars": []
  },
  "endpoints": [
    {
      "path": "users",
      "method": "GET",
      "type": "AWS",
      "authorizationType": "none",
      "apiKeyRequired": false,
      "requestParameters": {},
      "requestTemplates": { "application/json": "{\n \"body\" : $input.json('$'),\n \"headers\": {\n #foreach($header in $input.params().header.keySet())\n \"$header\": \"$util.escapeJavaScript($input.params().header.get($header))\" #if($foreach.hasNext),#end\n \n #end\n },\n \"method\": \"$context.httpMethod\",\n \"params\": {\n #foreach($param in $input.params().path.keySet())\n \"$param\": \"$util.escapeJavaScript($input.params().path.get($param))\" #if($foreach.hasNext),#end\n \n #end\n },\n \"query\": {\n #foreach($queryParam in $input.params().querystring.keySet())\n \"$queryParam\": \"$util.escapeJavaScript($input.params().querystring.get($queryParam))\" #if($foreach.hasNext),#end\n \n #end\n } \n}" },
      "responses": {
        "400": { "statusCode": "400" },
        "default": {
          "statusCode": "200",
          "responseParameters": {},
          "responseModels": {},
          "responseTemplates": {
            "application/json": ""
          }
        }
      }
    },    {
      "path": "users",
      "method": "POST",
      "type": "AWS",
      "authorizationType": "none",
      "apiKeyRequired": false,
      "requestParameters": {},
      "requestTemplates": { "application/json": "{\n \"body\" : $input.json('$'),\n \"headers\": {\n #foreach($header in $input.params().header.keySet())\n \"$header\": \"$util.escapeJavaScript($input.params().header.get($header))\" #if($foreach.hasNext),#end\n \n #end\n },\n \"method\": \"$context.httpMethod\",\n \"params\": {\n #foreach($param in $input.params().path.keySet())\n \"$param\": \"$util.escapeJavaScript($input.params().path.get($param))\" #if($foreach.hasNext),#end\n \n #end\n },\n \"query\": {\n #foreach($queryParam in $input.params().querystring.keySet())\n \"$queryParam\": \"$util.escapeJavaScript($input.params().querystring.get($queryParam))\" #if($foreach.hasNext),#end\n \n #end\n } \n}" },
      "responses": {
        "400": { "statusCode": "400" },
        "default": {
          "statusCode": "200",
          "responseParameters": {},
          "responseModels": {},
          "responseTemplates": {
            "application/json": ""
          }
        }
      }
    },    {
      "path": "users/{id}",
      "method": "GET",
      "type": "AWS",
      "authorizationType": "none",
      "apiKeyRequired": false,
      "requestParameters": {},
      "requestTemplates": { "application/json": "{\n \"body\" : $input.json('$'),\n \"headers\": {\n #foreach($header in $input.params().header.keySet())\n \"$header\": \"$util.escapeJavaScript($input.params().header.get($header))\" #if($foreach.hasNext),#end\n \n #end\n },\n \"method\": \"$context.httpMethod\",\n \"params\": {\n #foreach($param in $input.params().path.keySet())\n \"$param\": \"$util.escapeJavaScript($input.params().path.get($param))\" #if($foreach.hasNext),#end\n \n #end\n },\n \"query\": {\n #foreach($queryParam in $input.params().querystring.keySet())\n \"$queryParam\": \"$util.escapeJavaScript($input.params().querystring.get($queryParam))\" #if($foreach.hasNext),#end\n \n #end\n } \n}" },
      "responses": {
        "400": { "statusCode": "400" },
        "default": {
          "statusCode": "200",
          "responseParameters": {},
          "responseModels": {},
          "responseTemplates": {
            "application/json": ""
          }
        }
      }
    },    {
      "path": "users/{id}",
      "method": "DELETE",
      "type": "AWS",
      "authorizationType": "none",
      "apiKeyRequired": false,
      "requestParameters": {},
      "requestTemplates": { "application/json": "{\n \"body\" : $input.json('$'),\n \"headers\": {\n #foreach($header in $input.params().header.keySet())\n \"$header\": \"$util.escapeJavaScript($input.params().header.get($header))\" #if($foreach.hasNext),#end\n \n #end\n },\n \"method\": \"$context.httpMethod\",\n \"params\": {\n #foreach($param in $input.params().path.keySet())\n \"$param\": \"$util.escapeJavaScript($input.params().path.get($param))\" #if($foreach.hasNext),#end\n \n #end\n },\n \"query\": {\n #foreach($queryParam in $input.params().querystring.keySet())\n \"$queryParam\": \"$util.escapeJavaScript($input.params().querystring.get($queryParam))\" #if($foreach.hasNext),#end\n \n #end\n } \n}" },
      "responses": {
        "400": { "statusCode": "400" },
        "default": {
          "statusCode": "200",
          "responseParameters": {},
          "responseModels": {},
          "responseTemplates": {
            "application/json": ""
          }
        }
      }
    },
    {
      "path": "users/{id}",
      "method": "PUT",
      "type": "AWS",
      "authorizationType": "none",
      "apiKeyRequired": false,
      "requestParameters": {},
      "requestTemplates": { "application/json": "{\n \"body\" : $input.json('$'),\n \"headers\": {\n #foreach($header in $input.params().header.keySet())\n \"$header\": \"$util.escapeJavaScript($input.params().header.get($header))\" #if($foreach.hasNext),#end\n \n #end\n },\n \"method\": \"$context.httpMethod\",\n \"params\": {\n #foreach($param in $input.params().path.keySet())\n \"$param\": \"$util.escapeJavaScript($input.params().path.get($param))\" #if($foreach.hasNext),#end\n \n #end\n },\n \"query\": {\n #foreach($queryParam in $input.params().querystring.keySet())\n \"$queryParam\": \"$util.escapeJavaScript($input.params().querystring.get($queryParam))\" #if($foreach.hasNext),#end\n \n #end\n } \n}" },
      "responses": {
        "400": { "statusCode": "400" },
        "default": {
          "statusCode": "200",
          "responseParameters": {},
          "responseModels": {},
          "responseTemplates": {
            "application/json": ""
          }
        }
      }
    }
  ],
  "events": []
}